{"Control": [0.13364481925964355, 0.5037074089050293, 0.029916763305664062, 0.04587721824645996, 0.03091740608215332, 0.03091716766357422, 0.029920578002929688, 0.030919790267944336, 0.029920339584350586, 0.046871185302734375, 0.029920101165771484, 0.031914472579956055, 0.030917644500732422, 0.03092026710510254, 0.03091573715209961, 0.030424118041992188, 0.03191494941711426, 0.0468747615814209, 0.029919147491455078, 0.031914472579956055, 0.031914710998535156, 0.030427932739257812, 0.03191518783569336, 0.02991962432861328, 0.031914472579956055, 0.045879364013671875, 0.03091716766357422, 0.03142046928405762, 0.03191494941711426, 0.029920101165771484, 0.031914710998535156, 0.03191733360290527, 0.029918670654296875, 0.046381473541259766, 0.030917644500732422, 0.029920101165771484, 0.031914472579956055, 0.028925418853759766, 0.03142261505126953, 0.030917644500732422, 0.046871185302734375, 0.03091740608215332, 0.03092026710510254, 0.030915498733520508, 0.030427217483520508, 0.030916452407836914, 0.030918121337890625, 0.04487800598144531, 0.030920743942260742, 0.03142118453979492], "Direction": [1.2272942066192627, 1.000356674194336, 0.3830103874206543, 0.15259242057800293, 0.06433629989624023, 0.07180953025817871, 0.23188376426696777, 0.13615775108337402, 0.35953569412231445, 0.23340106010437012, 0.16706514358520508, 0.44782590866088867, 0.08029413223266602, 0.16755008697509766, 0.3121650218963623, 0.1441206932067871, 0.1361551284790039, 0.5276033878326416, 0.15210175514221191, 0.3839881420135498, 0.1680605411529541, 0.5360941886901855, 0.1770343780517578, 0.15908336639404297, 0.36803293228149414, 0.3356153964996338, 0.39197850227355957, 0.336167573928833, 0.14361786842346191, 0.14461016654968262, 0.07978630065917969, 0.09674286842346191, 0.16755080223083496, 0.17603588104248047, 0.09525251388549805, 0.10422945022583008, 0.1840229034423828, 0.16754889488220215, 0.08828020095825195, 0.080291748046875, 0.18401646614074707, 0.06435060501098633, 0.18350625038146973, 0.09673857688903809, 0.09574413299560547, 0.16755223274230957, 0.7121298313140869, 0.17553353309631348, 0.3765108585357666, 0.17603540420532227, 0.16755127906799316, 0.21642112731933594, 0.19148755073547363, 0.15259218215942383, 0.15959858894348145, 0.439866304397583, 0.14461207389831543, 0.079315185546875, 0.568026065826416, 0.248335599899292, 0.19148802757263184, 0.1850142478942871, 0.17554545402526855, 0.15210509300231934, 0.15957331657409668, 0.09574580192565918, 0.584489107131958, 0.37601280212402344, 0.1515941619873047, 0.07280778884887695, 0.20746493339538574, 0.1835341453552246, 0.16057252883911133, 0.23987674713134766, 0.200484037399292, 0.3351414203643799, 0.19248700141906738, 0.16007709503173828, 0.44032835960388184, 0.06382894515991211, 0.09525179862976074, 0.4413435459136963, 0.16755199432373047, 0.1675713062286377, 0.2404041290283203, 0.19946503639221191, 0.6886651515960693, 0.6792683601379395, 0.5520529747009277, 0.1765284538269043, 0.25531744956970215, 0.1919996738433838, 0.1925034523010254, 0.552579402923584, 0.11220955848693848, 0.07930469512939453, 0.08029556274414062, 0.09574389457702637, 0.6482670307159424, 0.9515013694763184], "Type of Sound": {"a4.wav": [0.5016729831695557, 0.03043222427368164, 0.030424118041992188, 0.03091716766357422, 0.04587602615356445, 0.029919862747192383, 0.03142404556274414, 0.0309145450592041, 0.030918359756469727, 0.03042316436767578], "cymbalnew.wav": [0.04587912559509277, 0.030915021896362305, 0.029912948608398438, 0.04687786102294922, 0.030916929244995117], "Drew.wav": [0.5251212120056152, 0.04638671875, 0.0304415225982666, 0.04586482048034668, 0.03191733360290527, 0.03091740608215332, 0.029919862747192383, 0.03091740608215332, 0.030913829803466797, 0.028921842575073242, 0.04487729072570801, 0.03192138671875, 0.03191685676574707, 0.028918027877807617, 0.03042745590209961], "Gunshot.wav": [0.03091597557067871, 0.029919862747192383, 0.030916690826416016, 0.03191781044006348, 0.030913591384887695, 0.030916929244995117, 0.03091740608215332, 0.030425310134887695, 0.030920743942260742, 0.029922962188720703, 0.04638075828552246, 0.030916929244995117, 0.03142547607421875, 0.030421972274780273, 0.027436017990112305, 0.029920339584350586, 0.03091907501220703, 0.044879913330078125, 0.030916690826416016, 0.030426740646362305, 0.03091716766357422], "Honk.wav": [0.029920339584350586, 0.029921293258666992, 0.03060770034790039, 0.0309140682220459, 0.02992081642150879, 0.03190779685974121], "Roar.wav": [0.030916929244995117, 0.031740427017211914, 0.04488086700439453, 0.04587578773498535, 0.03191709518432617, 0.030916213989257812, 0.029920578002929688, 0.0468752384185791, 0.030917644500732422, 0.03092050552368164, 0.029920101165771484, 0.030447006225585938, 0.030917882919311523, 0.029920101165771484, 0.04588007926940918, 0.03889751434326172, 0.03191709518432617], "Snake.wav": [0.045876264572143555, 0.03091597557067871, 0.029918432235717773, 0.03042912483215332, 0.031917572021484375, 0.04638028144836426, 0.02991938591003418, 0.030917882919311523, 0.030917882919311523, 0.030917644500732422, 0.031426191329956055, 0.029920101165771484, 0.03142690658569336, 0.03142499923706055, 0.03191947937011719, 0.030916929244995117], "sw_cantina.wav": [0.03191256523132324, 0.03191328048706055, 0.029427528381347656, 0.030917882919311523, 0.03091740608215332, 0.02991962432861328, 0.03191328048706055, 0.031914710998535156, 0.029918193817138672, 0.030918598175048828]}, "Music": [0.328122615814209, 0.508681058883667, 0.030919790267944336, 0.030918121337890625, 0.030913829803466797, 0.02992081642150879, 0.04587745666503906, 0.03191375732421875, 0.03091740608215332, 0.03143143653869629, 0.03091740608215332, 0.030916929244995117, 0.030437946319580078, 0.04587411880493164, 0.03091740608215332, 0.031426429748535156, 0.03291201591491699, 0.029922008514404297, 0.03042888641357422, 0.03191089630126953, 0.031914472579956055, 0.03191709518432617, 0.045876264572143555, 0.031915903091430664, 0.03191423416137695, 0.030917644500732422, 0.02991771697998047, 0.03091740608215332, 0.030916690826416016, 0.031914472579956055, 0.030917644500732422, 0.044879913330078125, 0.029921531677246094, 0.031912803649902344, 0.030917882919311523, 0.030919551849365234, 0.029920339584350586, 0.04587411880493164, 0.03092050552368164, 0.030915021896362305, 0.03191351890563965, 0.029920339584350586, 0.03191423416137695, 0.030918121337890625, 0.04587674140930176, 0.030434370040893555, 0.031911373138427734, 0.03191494941711426, 0.02991962432861328, 0.03142571449279785]}