{"Control": [0.6259021759033203, 0.04538440704345703, 0.03191494941711426, 0.03092026710510254, 0.03091597557067871, 0.031917572021484375, 0.03042006492614746, 0.029920339584350586, 0.030919790267944336, 0.045877695083618164, 0.03191351890563965, 0.03191494941711426, 0.03141975402832031, 0.030919313430786133, 0.030915260314941406, 0.031914472579956055, 0.03191661834716797, 0.03091740608215332, 0.04538416862487793, 0.031914472579956055, 0.03191661834716797, 0.03191661834716797, 0.03191375732421875, 0.03042149543762207, 0.03091740608215332, 0.029921770095825195, 0.04587721824645996, 0.030919551849365234, 0.02991771697998047, 0.03143310546875, 0.030917882919311523, 0.031911373138427734, 0.03091740608215332, 0.04587888717651367, 0.030918359756469727, 0.03142070770263672, 0.03191256523132324, 0.029920101165771484, 0.029919862747192383, 0.03092050552368164, 0.04587697982788086, 0.03142142295837402, 0.031912803649902344, 0.029919862747192383, 0.03191494941711426, 0.031916141510009766, 0.029920578002929688, 0.03142833709716797, 0.031907081604003906, 0.04587721824645996], "Direction": [0.5560359954833984, 0.5011661052703857, 0.03191566467285156, 0.05086088180541992, 0.19148778915405273, 0.16805696487426758, 1.7200260162353516, 0.03091716766357422, 0.4657723903656006, 0.7590246200561523, 0.11269712448120117, 0.06383228302001953, 0.15957236289978027, 0.12865376472473145, 0.6881892681121826, 0.14361882209777832, 0.1515958309173584, 0.13614463806152344, 0.1765434741973877, 0.14312362670898438, 0.06482696533203125, 0.36801576614379883, 0.15958356857299805, 0.12764859199523926, 0.1201930046081543, 0.144120454788208, 0.1132056713104248, 0.0793004035949707, 0.14361834526062012, 0.15957093238830566, 0.28078413009643555, 0.14412784576416016, 0.13563942909240723, 0.20046186447143555, 0.1515958309173584, 0.15159273147583008, 0.4887363910675049, 0.455289363861084, 0.20945954322814941, 0.07930588722229004, 0.07979702949523926, 0.1595618724822998, 0.6727297306060791, 0.16756391525268555, 0.6477973461151123, 0.1925191879272461, 0.1675574779510498, 0.2164156436920166, 0.32712650299072266, 0.23239374160766602, 0.18401265144348145, 0.1680600643157959, 0.15957117080688477, 0.45681071281433105, 0.23237943649291992, 0.16755104064941406, 0.08078765869140625, 0.6069040298461914, 0.5600199699401855, 0.3520853519439697, 0.5594990253448486, 0.18450665473937988, 0.15162205696105957, 0.16058349609375, 0.16806578636169434, 0.08078360557556152, 0.17453479766845703, 0.17654109001159668, 0.1840221881866455, 0.3759937286376953, 0.19149112701416016, 0.36054134368896484, 0.16008639335632324, 0.2403552532196045, 0.09625935554504395, 0.16804838180541992, 0.43933868408203125, 0.16806268692016602, 0.18450570106506348, 0.09474849700927734, 0.4887199401855469, 0.08078551292419434, 0.09574246406555176, 0.08676719665527344, 0.37651872634887695, 0.1525893211364746, 0.2632944583892822, 0.19946670532226562, 0.1845095157623291, 0.1680595874786377, 0.16905784606933594, 0.6155219078063965, 0.2563140392303467, 0.550544023513794, 0.1680588722229004, 0.264315128326416, 0.3515663146972656, 0.17654752731323242, 0.16806435585021973, 0.34407806396484375], "Type of Sound": {"a4.wav": [0.030915260314941406, 0.029922008514404297, 0.030430078506469727, 0.030426979064941406, 0.03042316436767578, 0.03091740608215332, 0.0299224853515625, 0.03191637992858887, 0.02991962432861328, 0.0468752384185791, 0.03091740608215332], "cymbalnew.wav": [0.03191423416137695, 0.03091740608215332, 0.03091907501220703, 0.030918598175048828, 0.03191542625427246, 0.031914710998535156, 0.047377586364746094, 0.03091716766357422, 0.0473780632019043, 0.04687237739562988], "Drew.wav": [0.030427217483520508, 0.046872615814208984, 0.030919551849365234, 0.03191518783569336, 0.03191661834716797, 0.02991795539855957, 0.03043508529663086, 0.04587531089782715, 0.031912803649902344, 0.031917572021484375, 0.04587411880493164, 0.03091740608215332, 0.02991962432861328, 0.0319361686706543, 0.04737973213195801, 0.031919240951538086, 0.02991342544555664, 0.030915498733520508], "Gunshot.wav": [0.03143906593322754, 0.03191256523132324, 0.03091883659362793, 0.04588031768798828, 0.03138422966003418, 0.03091716766357422, 0.031914472579956055, 0.03091597557067871, 0.03091716766357422, 0.03142261505126953], "Honk.wav": [0.045874595642089844, 0.03046441078186035, 0.030915498733520508, 0.03191781044006348, 0.030920028686523438, 0.031424522399902344, 0.030916213989257812, 0.03191375732421875, 0.03091740608215332, 0.03191184997558594, 0.03142261505126953, 0.03092050552368164, 0.030917644500732422, 0.029920339584350586, 0.030920028686523438], "Roar.wav": [0.030914783477783203, 0.031914710998535156, 0.03091740608215332, 0.031914710998535156, 0.031424760818481445, 0.02991962432861328, 0.03042745590209961, 0.03091716766357422, 0.031911611557006836, 0.03092026710510254, 0.03191566467285156, 0.03292131423950195, 0.031916141510009766], "Snake.wav": [0.03191733360290527, 0.029922008514404297, 0.031911373138427734, 0.045893192291259766, 0.04587602615356445, 0.0304262638092041], "sw_cantina.wav": [0.7420732975006104, 0.5136387348175049, 0.030916929244995117, 0.0309140682220459, 0.030914306640625, 0.030427217483520508, 0.032915353775024414, 0.03191375732421875, 0.03091740608215332, 0.03191423416137695, 0.03091716766357422, 0.030916929244995117, 0.03091716766357422, 0.030909299850463867, 0.031914710998535156, 0.0299527645111084, 0.03142428398132324]}, "Music": [0.5066585540771484, 0.5131356716156006, 0.030917882919311523, 0.03091716766357422, 0.03091716766357422, 0.030916690826416016, 0.030917882919311523, 0.031914472579956055, 0.03092050552368164, 0.04587578773498535, 0.029919862747192383, 0.030915498733520508, 0.0299227237701416, 0.030915021896362305, 0.03091883659362793, 0.04687356948852539, 0.031424522399902344, 0.030916929244995117, 0.029918909072875977, 0.030920028686523438, 0.03191423416137695, 0.03191709518432617, 0.031420230865478516, 0.03191661834716797, 0.03191494941711426, 0.04587697982788086, 0.030918598175048828, 0.029917240142822266, 0.030920028686523438, 0.030914306640625, 0.03091907501220703, 0.04687380790710449, 0.029918909072875977, 0.030917644500732422, 0.030426502227783203, 0.03091883659362793, 0.029920101165771484, 0.0309140682220459, 0.046408891677856445, 0.03091573715209961, 0.031430959701538086, 0.031914710998535156, 0.031911611557006836, 0.031914472579956055, 0.03293466567993164, 0.029897451400756836, 0.03091716766357422, 0.04587745666503906, 0.030918121337890625, 0.029918909072875977]}